<?xml version="1.0" encoding="utf-8"?>
<Root>
  <MetricIndex >
    <Metric Name="# New Issues since Baseline" Unit="issues" />
    <Metric Name="# Issues Fixed since Baseline" Unit="issues" />
    <Metric Name="# Issues Worsened since Baseline" Unit="issues" />
    <Metric Name="# Issues with severity Blocker" Unit="issues" />
    <Metric Name="# Issues with severity Critical" Unit="issues" />
    <Metric Name="# Issues with severity High" Unit="issues" />
    <Metric Name="# Issues with severity Medium" Unit="issues" />
    <Metric Name="# Issues with severity Low" Unit="issues" />
    <Metric Name="# Blocker/Critical/High Issues" Unit="issues" />
    <Metric Name="# Issues" Unit="issues" />
    <Metric Name="# Suppressed Issues" Unit="issues" />
    <Metric Name="# Rules" Unit="rules" />
    <Metric Name="# Rules Violated" Unit="rules" />
    <Metric Name="# Critical Rules Violated" Unit="rules" />
    <Metric Name="# Quality Gates" Unit="quality gates" />
    <Metric Name="# Quality Gates Warn" Unit="quality gates" />
    <Metric Name="# Quality Gates Fail" Unit="quality gates" />
    <Metric Name="Percentage Debt (Metric)" Unit="%" />
    <Metric Name="Debt (Metric)" Unit="man-days" />
    <Metric Name="New Debt since Baseline (Metric)" Unit="man-days" />
    <Metric Name="Annual Interest (Metric)" Unit="man-days" />
    <Metric Name="New Annual Interest since Baseline (Metric)" Unit="man-days" />
    <Metric Name="Breaking Point" Unit="years" />
    <Metric Name="Breaking Point of Blocker / Critical / High Issues" Unit="years" />
    <Metric Name="# Lines of Code" Unit="LoC" />
    <Metric Name="# Lines of Code (JustMyCode)" Unit="LoC" />
    <Metric Name="# Lines of Code (NotMyCode)" Unit="LoC" />
    <Metric Name="# Lines of Code Added since the Baseline" Unit="LoC" />
    <Metric Name="# Source Files" Unit="Source Files" />
    <Metric Name="# IL Instructions" Unit="IL Instructions" />
    <Metric Name="# IL Instructions (NotMyCode)" Unit="IL Instructions" />
    <Metric Name="# Lines of Comments" Unit="Lines" />
    <Metric Name="Percentage of Comments" Unit="%" />
    <Metric Name="# Assemblies" Unit="Assemblies" />
    <Metric Name="# Namespaces" Unit="Namespaces" />
    <Metric Name="# Types" Unit="Types" />
    <Metric Name="# Public Types" Unit="Types" />
    <Metric Name="# Classes" Unit="Types" />
    <Metric Name="# Abstract Classes" Unit="Types" />
    <Metric Name="# Interfaces" Unit="Types" />
    <Metric Name="# Structures" Unit="Types" />
    <Metric Name="# Methods" Unit="Methods" />
    <Metric Name="# Abstract Methods" Unit="Methods" />
    <Metric Name="# Concrete Methods" Unit="Methods" />
    <Metric Name="# Fields" Unit="Fields" />
    <Metric Name="Max # Lines of Code for Methods (JustMyCode)" Unit="LoC" />
    <Metric Name="Average # Lines of Code for Methods" Unit="LoC" />
    <Metric Name="Average # Lines of Code for Methods with at least 3 Lines of Code" Unit="LoC" />
    <Metric Name="Max # Lines of Code for Types (JustMyCode)" Unit="LoC" />
    <Metric Name="Average # Lines of Code for Types" Unit="LoC" />
    <Metric Name="Max Cyclomatic Complexity for Methods" Unit="Paths" />
    <Metric Name="Average Cyclomatic Complexity for Methods" Unit="Paths" />
    <Metric Name="Max IL Cyclomatic Complexity for Methods" Unit="Paths" />
    <Metric Name="Average IL Cyclomatic Complexity for Methods" Unit="Paths" />
    <Metric Name="Max IL Nesting Depth for Methods" Unit="Scopes" />
    <Metric Name="Average IL Nesting Depth for Methods" Unit="Scopes" />
    <Metric Name="Max # of Methods for Types" Unit="Methods" />
    <Metric Name="Average # Methods for Types" Unit="Methods" />
    <Metric Name="# Lines of Code Uncoverable" Unit="LoC" />
    <Metric Name="# Third-Party Assemblies Used" Unit="Assemblies" />
    <Metric Name="# Third-Party Namespaces Used" Unit="Namespaces" />
    <Metric Name="# Third-Party Types Used" Unit="Types" />
    <Metric Name="# Third-Party Methods Used" Unit="Methods" />
    <Metric Name="# Third-Party Fields Used" Unit="Fields" />
    <Metric Name="# Rules Violations" Unit="Violations" />
    <Metric Name="# Critical Rules" Unit="Rules" />
    <Metric Name="# Critical Rules Violations" Unit="Violations" />
  </MetricIndex>
  <M N="0|1|2|3|4|5|6|7|8|9|10|11|12|13|14|15|16|17|18|19|20|21|22|23|24|25|26|27|28|29|30|31|32|33|34|35|36|37|38|39|40|41|42|43|44|45|46|47|48|49|50|51|52|53|54|55|56|57|58|59|60|61|62|63|64|65|66" >
    <R D="9/15/2021 5:05:43 PM" L="v1.0" V="0|0|0|0|0|2|2|0|2|4|0|163|4|1|11|0|1|7.08|0.073958|0|0.091667|0|0.80682|0.8|50|50|0|0|1|254|4|20|28.57|1|1|1|0|1|0|0|0|4|0|4|1|34|16.67|24.5|50|50|9|4.67|15|6|5|1.75|4|4|0|3|9|45|38|0|4|21|1" />
    <R D="9/14/2021 8:37:13 PM" L="v1.0" V="0|0|0|0|0|2|2|0|2|4|0|163|4|1|11|0|1|7.08|0.073958|0|0.091667|0|0.80682|0.8|50|50|0|0|1|254|4|20|28.57|1|1|1|0|1|0|0|0|4|0|4|1|34|16.67|24.5|50|50|9|4.67|15|6|5|1.75|4|4|0|3|9|45|38|0|4|21|1" />
  </M>
</Root>