﻿{
  "Serilog": {
    "Using": [ "Serilog.Exceptions", "Serilog", "Serilog.Sinks.Console", "Serilog.Sinks.File" ],
    "LevelSwitches": { "$controlSwitch": "Verbose" },
    "MinimumLevel": {
      "Default": "Verbose",
      "Override": {
        "Microsoft": "Information",
        "Microsoft.AspNetCore": "Warning",
        "System": "Information"
      }
    },
    "WriteTo": [
      {
        "Name": "Console",
        "Args": {
          "theme": "Serilog.Sinks.SystemConsole.Themes.AnsiConsoleTheme::Code, Serilog.Sinks.Console",
          "outputTemplate": "[{Timestamp:HH:mm:ss} {Level:u3}] {Message:lj} <s:{SourceContext}>{NewLine}{Exception}"
        }
      },
      {
        "Name": "File",
        "Args": {
          "formatter": "Serilog.Formatting.Compact.CompactJsonFormatter, Serilog.Formatting.Compact",
          "path": "App_Data/Logs/logs.txt",
          "rollingInterval": "Day"
        }
      }
    ],
    "Enrich": [ "FromLogContext", "WithMachineName", "WithThreadId", "WithExceptionDetails", "WithHttpRequestId" ],
    "Destructure": [
      {
        "Name": "ToMaximumDepth",
        "Args": {
          "maximumDestructuringDepth": 4
        }
      },
      {
        "Name": "ToMaximumStringLength",
        "Args": {
          "maximumStringLength": 100
        }
      },
      {
        "Name": "ToMaximumCollectionCount",
        "Args": {
          "maximumCollectionCount": 10
        }
      }
    ]
  }
}