<?xml version="1.0" encoding="ISO-8859-1" ?>
<FieldMap version="1.0" date="$MARCO(marco.date)">

<Encodings>
  <Encoding name="Reserved"   id="0" />
  <Encoding name="ISO-8859-1" id="1" />
</Encodings>

<Types>
  <Type name="Reserved" id="0" />
  <Type name="Character" id="1" />
  <Type name="String" id="2" />
  <Type name="Integer" id="3" />
  <Type name="Price" id="4" />
  <Type name="Decimal" id="5" />
  <Type name="Enumeration" id="7" />
  <Type name="Date" id="8" />
  <Type name="Time" id="9" />
  <Type name="Integer64" id="10" />
  <Type name="Epoch" id="11" />
</Types>

<Fields>
  <Field name="RESERVED" id="0" type="0" encoding="0" />
  <Field name="MSG_TYPE" id="1" type="1" encoding="1" />
  <Field name="SEQUENCE" id="2" type="3" encoding="1" />
  <Field name="FEED_ID" id="3" type="7" encoding="1" />
  <Field name="TSTAMP" id="4" type="9" encoding="1" />
  <Field name="EXCHANGE" id="5" type="7" encoding="1" />
  <Field name="RETRANS" id="6" type="7" encoding="1" />
  <Field name="PRODUCT" id="7" type="7" encoding="1" />
  <Field name="DISP_ID" id="8" type="7" encoding="1" />
  <Field name="LAYOUT" id="9" type="7" encoding="1" />
  <Field name="SYMBOL" id="10" type="2" encoding="1" />
  <Field name="REQ_SYM" id="11" type="2" encoding="1" />
  <Field name="COMPOSITE_EXCHANGE" id="12" type="2" encoding="1" />
  <Field name="ORIG_SEQUENCE" id="13" type="3" encoding="1" />
  <Field name="END_CHUNKED_SNAPSHOT" id="85" type="7" encoding="1" />
  <Field name="UNCHANGED_FIELDS" id="95" type="2" encoding="1" />
  <Field name="BID_1" id="100" type="4" encoding="1" />
  <Field name="BID_DATE_1" id="101" type="8" encoding="1" />
  <Field name="BID_TIME_1" id="102" type="9" encoding="1" />
  <Field name="BID_VOL_1" id="104" type="3" encoding="1" />
  <Field name="BID_COND_1" id="105" type="7" encoding="1" />
  <Field name="BID_TICK_1" id="106" type="7" encoding="1" />
  <Field name="BID_EXCH_1" id="107" type="7" encoding="1" />
  <Field name="BID_CLOSE" id="110" type="4" encoding="1" />
  <Field name="BID_CLOSE_DATE" id="111" type="8" encoding="1" />
  <Field name="BID_CLOSE_TIME" id="112" type="9" encoding="1" />
  <Field name="BID_CLOSE_VOL" id="114" type="3" encoding="1" />
  <Field name="BID_EXCH" id="117" type="7" encoding="1" />
  <Field name="BID_ORDER_COUNT" id="128" type="3" encoding="1" />
  <Field name="ASK_ORDER_COUNT" id="129" type="3" encoding="1" />
  <Field name="BID_INDEX_1" id="150" type="3" encoding="1" />
  <Field name="BID_CHG" id="190" type="4" encoding="1" />
  <Field name="BID_PCT_CHG" id="191" type="5" encoding="1" />
  <Field name="BID_POINTS_1" id="192" type="5" encoding="1" />
  <Field name="ASK_1" id="200" type="4" encoding="1" />
  <Field name="ASK_DATE_1" id="201" type="8" encoding="1" />
  <Field name="ASK_TIME_1" id="202" type="9" encoding="1" />
  <Field name="ASK_VOL_1" id="204" type="3" encoding="1" />
  <Field name="ASK_COND_1" id="205" type="7" encoding="1" />
  <Field name="ASK_TICK_1" id="206" type="7" encoding="1" />
  <Field name="ASK_EXCH_1" id="207" type="7" encoding="1" />
  <Field name="ASK_CLOSE" id="210" type="4" encoding="1" />
  <Field name="ASK_CLOSE_DATE" id="211" type="8" encoding="1" />
  <Field name="ASK_CLOSE_TIME" id="212" type="9" encoding="1" />
  <Field name="ASK_CLOSE_VOL" id="214" type="3" encoding="1" />
  <Field name="ASK_EXCH" id="217" type="7" encoding="1" />
  <Field name="ASK_INDEX_1" id="250" type="3" encoding="1" />
  <Field name="ANNUALIZED_SEVEN_DAY_YIELD" id="279" type="5" encoding="1" />
  <Field name="SHORT_SALE_INDICATOR" id="280" type="3" encoding="1" />
  <Field name="SHORT_SALE_VOLUME" id="281" type="10" encoding="1" />
  <Field name="SHORT_SALE_TURNOVER" id="282" type="5" encoding="1" />
  <Field name="ASK_CHG" id="290" type="4" encoding="1" />
  <Field name="ASK_PCT_CHG" id="291" type="5" encoding="1" />
  <Field name="ASK_POINTS_1" id="292" type="5" encoding="1" />
  <Field name="QUOTE_COND" id="293" type="7" encoding="1" />
  <Field name="OFFICIAL_BID_CLOSE_VOL" id="296" type="3" encoding="1" />
  <Field name="QUOTE_DATE" id="297" type="8" encoding="1" />
  <Field name="QUOTE_TIME" id="298" type="9" encoding="1" />
  <Field name="OFFICIAL_ASK_CLOSE_VOL" id="299" type="3" encoding="1" />
  <Field name="LAST_1" id="300" type="4" encoding="1" />
  <Field name="LAST_DATE_1" id="301" type="8" encoding="1" />
  <Field name="LAST_TIME_1" id="302" type="9" encoding="1" />
  <Field name="LAST_VOL_1" id="304" type="3" encoding="1" />
  <Field name="LAST_COND_1" id="305" type="7" encoding="1" />
  <Field name="LAST_TICK_1" id="306" type="7" encoding="1" />
  <Field name="LAST_EXCH_1" id="307" type="7" encoding="1" />
  <Field name="CLOSE_1" id="310" type="4" encoding="1" />
  <Field name="CLOSE_DATE_1" id="311" type="8" encoding="1" />
  <Field name="CLOSE_TIME_1" id="312" type="9" encoding="1" />
  <Field name="CLOSE_2" id="314" type="4" encoding="1" />
  <Field name="CLOSE_DATE_2" id="315" type="8" encoding="1" />
  <Field name="CLOSE_TIME_2" id="316" type="9" encoding="1" />
  <Field name="LAST_EXCH" id="317" type="7" encoding="1" />
  <Field name="SETTLE" id="320" type="4" encoding="1" />
  <Field name="SETTLE_DATE" id="321" type="8" encoding="1" />
  <Field name="SETTLE_TIME" id="322" type="9" encoding="1" />
  <Field name="SETTLE_ELEC" id="323" type="4" encoding="1" />
  <Field name="SETTLE_ELEC_DATE" id="324" type="8" encoding="1" />
  <Field name="LAST_TRADED" id="340" type="4" encoding="1" />
  <Field name="LAST_TRADED_DATE" id="341" type="8" encoding="1" />
  <Field name="LAST_TRADED_TIME" id="342" type="9" encoding="1" />
  <Field name="LAST_TRADED_VOL" id="343" type="3" encoding="1" />
  <Field name="LAST_TRADED_CONDITION" id="344" type="2" encoding="1" />
  <Field name="LAST_CHG" id="390" type="4" encoding="1" />
  <Field name="LAST_PCT_CHG" id="391" type="5" encoding="1" />
  <Field name="LAST_UNOFF_1" id="400" type="4" encoding="1" />
  <Field name="LAST_UNOFF_DATE_1" id="401" type="8" encoding="1" />
  <Field name="LAST_UNOFF_TIME_1" id="402" type="9" encoding="1" />
  <Field name="LAST_UNOFF_VOL_1" id="404" type="3" encoding="1" />
  <Field name="LAST_UNOFF_COND_1" id="405" type="2" encoding="1" />
  <Field name="LAST_UNOFF_TICK_1" id="406" type="7" encoding="1" />
  <Field name="LAST_UNOFF_EXCH_1" id="407" type="7" encoding="1" />
  <Field name="LAST_UNOFF_CUM_VOL" id="408" type="3" encoding="1" />
  <Field name="INDICATIVE_1" id="409" type="4" encoding="1" />
  <Field name="LAST_PREMKT_1" id="410" type="4" encoding="1" />
  <Field name="PREMKT_DATE" id="411" type="8" encoding="1" />
  <Field name="LAST_PREMKT_TIME_1" id="412" type="9" encoding="1" />
  <Field name="LAST_PREMKT_VOL_1" id="414" type="3" encoding="1" />
  <Field name="LAST_UNOFF_EXCH" id="417" type="7" encoding="1" />
  <Field name="LAST_PREMKT_CUM_VOL" id="418" type="3" encoding="1" />
  <Field name="LAST_POSTMKT_1" id="420" type="4" encoding="1" />
  <Field name="POSTMKT_DATE" id="421" type="8" encoding="1" />
  <Field name="LAST_POSTMKT_TIME_1" id="422" type="9" encoding="1" />
  <Field name="LAST_POSTMKT_VOL_1" id="424" type="3" encoding="1" />
  <Field name="LAST_POSTMKT_CUM_VOL" id="428" type="3" encoding="1" />
  <Field name="OFFBOOK_CUM_VOL" id="438" type="3" encoding="1" />
  <Field name="OFFICIAL_BID_CLOSE" id="445" type="4" encoding="1" />
  <Field name="OFFICIAL_ASK_CLOSE" id="476" type="4" encoding="1" />
  <Field name="LAST_UNOFF_CHG" id="490" type="4" encoding="1" />
  <Field name="LAST_UNOFF_PCT_CHG" id="491" type="5" encoding="1" />
  <Field name="MID_1" id="500" type="4" encoding="1" />
  <Field name="MID_DATE_1" id="501" type="8" encoding="1" />
  <Field name="MID_TIME_1" id="502" type="9" encoding="1" />
  <Field name="MID_HIGH_1" id="503" type="4" encoding="1" />
  <Field name="MID_LOW_1" id="504" type="4" encoding="1" />
  <Field name="ORDER_CODE" id="520" type="2" encoding="1" />
  <Field name="MARKET_MECHANISM_TYPE" id="521" type="2" encoding="1" />
  <Field name="MM_STAT_BITMASK" id="522" type="3" encoding="1" />
  <Field name="MARKET_MAKER_ID" id="523" type="2" encoding="1" />
  <Field name="OFFICIAL_CLOSE" id="526" type="4" encoding="1" />
  <Field name="NORMAL_MARKET_SIZE" id="529" type="3" encoding="1" />
  <Field name="STANDARD_MARKET_SIZE" id="530" type="3" encoding="1" />
  <Field name="EXCHANGE_MARKET_SIZE" id="531" type="3" encoding="1" />
  <Field name="COUPON_DATE" id="555" type="8" encoding="1" />
  <Field name="CUM_VOL" id="601" type="3" encoding="1" />
  <Field name="TURNOVER" id="602" type="4" encoding="1" />
  <Field name="VWAP" id="603" type="4" encoding="1" />
  <Field name="TRD_CNT" id="604" type="3" encoding="1" />
  <Field name="BLK_TRD_CNT" id="605" type="3" encoding="1" />
  <Field name="BLK_CUM_VOL" id="606" type="3" encoding="1" />
  <Field name="OPEN_INTEREST" id="607" type="3" encoding="1" />
  <Field name="RESUME_1" id="608" type="4" encoding="1" />
  <Field name="RESUME_2" id="609" type="4" encoding="1" />
  <Field name="PREV_CLOSE" id="610" type="4" encoding="1" />
  <Field name="PREV_CLOSE_DATE" id="611" type="8" encoding="1" />
  <Field name="PREV_CLOSE_TIME" id="612" type="9" encoding="1" />
  <Field name="PREV_CLOSE_UNADJ" id="613" type="4" encoding="1" />
  <Field name="PREV_BID_CLOSE" id="614" type="4" encoding="1" />
  <Field name="PREV_BID_CLOSE_DATE" id="615" type="8" encoding="1" />
  <Field name="PREV_BID_CLOSE_TIME" id="616" type="9" encoding="1" />
  <Field name="PREV_CLOSE_2" id="617" type="4" encoding="1" />
  <Field name="PREV_CLOSE_UNADJ_2" id="618" type="4" encoding="1" />
  <Field name="PREV_SETTLE" id="620" type="4" encoding="1" />
  <Field name="PREV_SETTLE_DATE" id="621" type="8" encoding="1" />
  <Field name="PREV_SETTLE_TIME" id="622" type="9" encoding="1" />
  <Field name="LOWER_TRADING_BAND" id="623" type="4" encoding="1" />
  <Field name="UPPER_TRADING_BAND" id="624" type="4" encoding="1" />
  <Field name="BUY_IMBALANCE" id="630" type="3" encoding="1" />
  <Field name="SELL_IMBALANCE" id="631" type="3" encoding="1" />
  <Field name="NAS_BUY_IMBALANCE" id="632" type="3" encoding="1" />
  <Field name="NAS_SELL_IMBALANCE" id="633" type="3" encoding="1" />
  <Field name="NET_CHANGE" id="662" type="5" encoding="1" />
  <Field name="SEVEN_DAY_YIELD" id="666" type="4" encoding="1" />
  <Field name="OPEN_1" id="710" type="4" encoding="1" />
  <Field name="OPEN_DATE_1" id="711" type="8" encoding="1" />
  <Field name="OPEN_TIME_1" id="712" type="9" encoding="1" />
  <Field name="OPEN_2" id="713" type="4" encoding="1" />
  <Field name="OPEN_DATE_2" id="714" type="8" encoding="1" />
  <Field name="OPEN_TIME_2" id="715" type="9" encoding="1" />
  <Field name="HIGH_1" id="720" type="4" encoding="1" />
  <Field name="HIGH_DATE_1" id="721" type="8" encoding="1" />
  <Field name="HIGH_TIME_1" id="722" type="9" encoding="1" />
  <Field name="LOW_1" id="723" type="4" encoding="1" />
  <Field name="LOW_DATE_1" id="724" type="8" encoding="1" />
  <Field name="LOW_TIME_1" id="725" type="9" encoding="1" />
  <Field name="UNCROSSING_COND" id="726" type="7" encoding="1" />
  <Field name="UNCROSSING_PRICE" id="727" type="4" encoding="1" />
  <Field name="UNCROSSING_VOL" id="728" type="3" encoding="1" />
  <Field name="VENUE" id="729" type="2" encoding="1" />
  <Field name="BUY_ID" id="730" type="2" encoding="1" />
  <Field name="SELL_ID" id="731" type="2" encoding="1" />
  <Field name="TOTAL_RETURN_3M" id="746" type="5" encoding="1" />
  <Field name="TOTAL_RETURN_52W" id="747" type="5" encoding="1" />
  <Field name="AUTO_VWAP" id="750" type="4" encoding="1" />
  <Field name="AUTO_CUM_VOL" id="751" type="3" encoding="1" />
  <Field name="AUTO_TRADE_QUANTITY" id="752" type="3" encoding="1" />
  <Field name="BUY_PERCENTAGE" id="753" type="5" encoding="1" />
  <Field name="SELL_PERCENTAGE" id="754" type="5" encoding="1" />
  <Field name="TOTAL_BUY_VOL" id="755" type="3" encoding="1" />
  <Field name="TOTAL_SELL_VOL" id="756" type="3" encoding="1" />
  <Field name="EX_DATE_STATUS" id="757" type="2" encoding="1" />
  <Field name="PRICING_METHOD" id="758" type="3" encoding="1" />
  <Field name="EX_DATE" id="761" type="3" encoding="1" />
  <Field name="DOLLAR_CHANGE" id="764" type="5" encoding="1" />
  <Field name="SPECIAL_PRICE" id="776" type="4" encoding="1" />
  <Field name="PREMKT_NET_CHANGE" id="896" type="5" encoding="1" />
  <Field name="PREMKT_PERCENT_CHANGE" id="897" type="5" encoding="1" />
  <Field name="INSTRUMENT_ID" id="1002" type="10" encoding="1" />
  <Field name="UNDERLYING_ID" id="1022" type="2" encoding="1" />
  <Field name="OFFICIAL_ASK_CLOSE_TIME" id="1031" type="3" encoding="1" />
  <Field name="OFFICIAL_BID_CLOSE_TIME" id="1082" type="3" encoding="1" />
  <Field name="UNOFFICIAL_PRICE" id="1288" type="4" encoding="1" />
  <Field name="UNOFFICIAL_VOLUME" id="1292" type="3" encoding="1" />
  <Field name="UNOFFICIAL_CONDITION" id="1334" type="2" encoding="1" />
  <Field name="CLOSING_VOL" id="1345" type="3" encoding="1" />
  <Field name="DARK_TRADE_VOLUME" id="1359" type="10" encoding="1" />
  <Field name="TRADED_YIELD" id="1394" type="5" encoding="1" />
  <Field name="OPTION_TYPE" id="1417" type="7" encoding="1" />
  <Field name="FIRST_SESSION_PRICE" id="1438" type="4" encoding="1" />
  <Field name="FIRST_SESSION_HIGH" id="1442" type="4" encoding="1" />
  <Field name="FIRST_SESSION_LOW" id="1446" type="4" encoding="1" />
  <Field name="FIRST_SESSION_CLOSE" id="1450" type="4" encoding="1" />
  <Field name="FIRST_SESSION_CVOL" id="1454" type="3" encoding="1" />
  <Field name="FIRST_SESSION_VWAP" id="1455" type="4" encoding="1" />
  <Field name="SECOND_SESSION_PRICE" id="1459" type="4" encoding="1" />
  <Field name="SECOND_SESSION_HIGH" id="1463" type="4" encoding="1" />
  <Field name="SECOND_SESSION_LOW" id="1467" type="4" encoding="1" />
  <Field name="SECOND_SESSION_CLOSE" id="1471" type="4" encoding="1" />
  <Field name="SECOND_SESSION_CVOL" id="1475" type="3" encoding="1" />
  <Field name="SECOND_SESSION_VWAP" id="1476" type="4" encoding="1" />
  <Field name="OPEN_AUCTION_VOLUME" id="1480" type="10" encoding="1" />
  <Field name="CLOSING_AUCTION_VOLUME" id="1481" type="10" encoding="1" />
  <Field name="PRICE_MULTIPLIER" id="1509" type="5" encoding="1" />
  <Field name="NOMINAL_VALUE" id="1513" type="4" encoding="1" />
  <Field name="PRIMARY_MARKET" id="1517" type="2" encoding="1" />
  <Field name="SECOND_SESSION_OPEN" id="1528" type="4" encoding="1" />
  <Field name="EXECUTION_VENUE" id="1579" type="2" encoding="1" />
  <Field name="NOTIONAL_AMOUNT" id="1591" type="4" encoding="1" />
  <Field name="NOTIONAL_CURRENCY" id="1595" type="2" encoding="1" />
  <Field name="PRICE_NOTATION" id="1596" type="2" encoding="1" />
  <Field name="QUANTITY_NOTATION" id="1597" type="2" encoding="1" />
  <Field name="TRANSPARENCY_INDICATOR" id="1598" type="3" encoding="1" />
  <Field name="MIFID_CLEARING_FLAG" id="1599" type="3" encoding="1" />
  <Field name="MIC_CODE_SEG" id="1601" type="2" encoding="1" />
  <Field name="TRANSACTION_ID_CODE" id="1604" type="2" encoding="1" />
  <Field name="PUBLICATION_VENUE" id="1605" type="2" encoding="1" />
  <Field name="PUBLICATION_TIME" id="1606" type="9" encoding="1" />
  <Field name="INSTRUMENT_CODE_TYPE" id="1607" type="2" encoding="1" />
  <Field name="EXECUTION_TIME" id="1609" type="9" encoding="1" />
  <Field name="MMT_MARKET_MECHANISM" id="1610" type="2" encoding="1" />
  <Field name="MMT_TRADING_MODE" id="1611" type="2" encoding="1" />
  <Field name="MMT_TRANSACTION_TYPE" id="1612" type="2" encoding="1" />
  <Field name="MMT_PUBLICATION_MODE" id="1613" type="2" encoding="1" />
  <Field name="MMT_DUPLICATIVE_INDICATOR" id="1614" type="2" encoding="1" />
  <Field name="ISO_COUNTRY_EXCHANGE" id="1621" type="2" encoding="1" />
  <Field name="TREASURY_ID" id="1633" type="2" encoding="1" />
  <Field name="LIS_VOLUME" id="1637" type="3" encoding="1" />
  <Field name="NEGOTIATED_VOLUME" id="1638" type="3" encoding="1" />
  <Field name="REFERENCE_VOLUME" id="1639" type="3" encoding="1" />
  <Field name="UNOFFICIAL_EXCH" id="1650" type="7" encoding="1" />
  <Field name="VENDOR_TS" id="1660" type="11" encoding="1" />
  <Field name="BID_TS" id="1661" type="11" encoding="1" />
  <Field name="BID_CLOSE_TS" id="1662" type="11" encoding="1" />
  <Field name="ASK_TS" id="1663" type="11" encoding="1" />
  <Field name="ASK_CLOSE_TS" id="1664" type="11" encoding="1" />
  <Field name="MID_TS" id="1665" type="11" encoding="1" />
  <Field name="MID_CLOSE_TS" id="1666" type="11" encoding="1" />
  <Field name="OPEN_TS" id="1667" type="11" encoding="1" />
  <Field name="HIGH_TS" id="1668" type="11" encoding="1" />
  <Field name="LOW_TS" id="1669" type="11" encoding="1" />
  <Field name="UNOFFICIAL_TS" id="1670" type="11" encoding="1" />
  <Field name="TRADED_TS" id="1671" type="11" encoding="1" />
  <Field name="PREMKT_TS" id="1672" type="11" encoding="1" />
  <Field name="POSTMKT_TS" id="1673" type="11" encoding="1" />
  <Field name="LAST_TS" id="1674" type="11" encoding="1" />
  <Field name="PREV_CLOSE_TS" id="1675" type="11" encoding="1" />
  <Field name="CLOSE_TS" id="1676" type="11" encoding="1" />
  <Field name="YTD_HIGH" id="1732" type="4" encoding="1" />
  <Field name="YTD_LOW" id="1736" type="4" encoding="1" />
  <Field name="YTD_HIGH_DATE" id="1740" type="8" encoding="1" />
  <Field name="YTD_LOW_DATE" id="1741" type="8" encoding="1" />
  <Field name="OFF_HOUR_EXCH" id="1742" type="7" encoding="1" />
  <Field name="PREMKT_EXCH" id="1743" type="7" encoding="1" />
  <Field name="POSTMKT_EXCH" id="1744" type="7" encoding="1" />
  <Field name="OPT_DELIVERABLES" id="1745" type="2" encoding="1" />
  <Field name="UNDERLYING_EXCHANGE" id="1746" type="2" encoding="1" />
  <Field name="RT_PE_RATIO" id="1747" type="5" encoding="1" />
  <Field name="RT_MARKET_CAP" id="1748" type="5" encoding="1" />
  <Field name="ANNUAL_CAP_GAINS" id="1749" type="5" encoding="1" />
  <Field name="FREF_SECURITY_TYPE" id="1751" type="2" encoding="1" />
  <Field name="SETTLEMENT_STYLE" id="1752" type="2" encoding="1" />
  <Field name="EXPIRATION_FREQUENCY" id="1753" type="2" encoding="1" />
  <Field name="FDS_SYMBOL" id="1754" type="2" encoding="1" />
  <Field name="OPT_ROOT_SYMBOL" id="1756" type="2" encoding="1" />
  <Field name="OPT_OCC_ID" id="1757" type="2" encoding="1" />
  <Field name="OPT_ISADJUSTED" id="1758" type="3" encoding="1" />
  <Field name="UNDERLYING_CURRENCY" id="1759" type="2" encoding="1" />
  <Field name="UNDERLYING_SYMBOL" id="1760" type="2" encoding="1" />
  <Field name="SETTLEMENT_METHOD" id="1761" type="2" encoding="1" />
  <Field name="SECURITY_SUB_TYPE" id="1762" type="2" encoding="1" />
  <Field name="OPTION_STYLE" id="1763" type="2" encoding="1" />
  <Field name="DIVIDEND_PAYOUT" id="1764" type="4" encoding="1" />
  <Field name="QUOTE_DELETION_FLAG" id="1765" type="7" encoding="1" />
  <Field name="MID_PERCENT_CHANGE" id="1772" type="5" encoding="1" />
  <Field name="POSTMKT_NET_CHANGE" id="1881" type="5" encoding="1" />
  <Field name="POSTMKT_PERCENT_CHANGE" id="1882" type="5" encoding="1" />
  <Field name="CORR_LAST" id="2020" type="4" encoding="1" />
  <Field name="CORR_LAST_VOL" id="2021" type="3" encoding="1" />
  <Field name="SECURITY_TYPE" id="2024" type="7" encoding="1" />
  <Field name="ISIN" id="2026" type="2" encoding="1" />
  <Field name="CUSIP" id="2027" type="2" encoding="1" />
  <Field name="SEDOL" id="2028" type="2" encoding="1" />
  <Field name="DESCRIPTION" id="2029" type="2" encoding="1" />
  <Field name="EPS" id="2030" type="5" encoding="1" />
  <Field name="SHARES_OUTSTANDING" id="2031" type="5" encoding="1" />
  <Field name="PRICE_CURRENCY" id="2032" type="2" encoding="1" />
  <Field name="FUND_CURRENCY" id="2033" type="2" encoding="1" />
  <Field name="SECURITY_STATUS" id="2034" type="7" encoding="1" />
  <Field name="EXPIRATION_DATE" id="2035" type="8" encoding="1" />
  <Field name="EXPIRATION_TIME" id="2036" type="9" encoding="1" />
  <Field name="GMT_OFFSET" id="2037" type="3" encoding="1" />
  <Field name="MARKET_SEGMENT" id="2038" type="2" encoding="1" />
  <Field name="MARKET_SECTOR" id="2039" type="2" encoding="1" />
  <Field name="PERIOD" id="2040" type="2" encoding="1" />
  <Field name="COUNTRY_CODE" id="2041" type="2" encoding="1" />
  <Field name="FINANCIAL_STATUS" id="2042" type="3" encoding="1" />
  <Field name="FACTSET_INDUSTRY" id="2043" type="2" encoding="1" />
  <Field name="FACTSET_SECTOR" id="2044" type="2" encoding="1" />
  <Field name="HALT_INFO" id="2045" type="3" encoding="1" />
  <Field name="HOMEPAGE" id="2046" type="2" encoding="1" />
  <Field name="HALT_DESCRIPTION" id="2047" type="2" encoding="1" />
  <Field name="FEED_CURRENCY" id="2048" type="2" encoding="1" />
  <Field name="DIVIDEND" id="2050" type="4" encoding="1" />
  <Field name="DIVIDEND_YIELD" id="2051" type="5" encoding="1" />
  <Field name="PRICE_1YEAR" id="2052" type="4" encoding="1" />
  <Field name="YEAR_END_PRICE" id="2053" type="4" encoding="1" />
  <Field name="COUNTRY_NAME" id="2054" type="2" encoding="1" />
  <Field name="ORDER_LOT_SIZE" id="2060" type="3" encoding="1" />
  <Field name="TRADE_LOT_SIZE" id="2061" type="3" encoding="1" />
  <Field name="TRUE_ISO_CODE" id="2082" type="2" encoding="1" />
  <Field name="STATEMENT_DATE" id="2099" type="8" encoding="1" />
  <Field name="CASH" id="2100" type="5" encoding="1" />
  <Field name="RECEIV_NET" id="2101" type="5" encoding="1" />
  <Field name="INVENTORIES" id="2102" type="5" encoding="1" />
  <Field name="PREPAID_EXP" id="2103" type="5" encoding="1" />
  <Field name="CUR_ASSETS_OTHER" id="2104" type="5" encoding="1" />
  <Field name="CUR_ASSETS" id="2105" type="5" encoding="1" />
  <Field name="INVEST_UNCON_SUBS" id="2106" type="5" encoding="1" />
  <Field name="PPE_NET" id="2107" type="5" encoding="1" />
  <Field name="PPE_GROSS" id="2108" type="5" encoding="1" />
  <Field name="DEPREC_ACCUM" id="2109" type="5" encoding="1" />
  <Field name="ASSETS_OTHER" id="2110" type="5" encoding="1" />
  <Field name="ASSETS_INTANG" id="2111" type="5" encoding="1" />
  <Field name="ASSETS_TOTAL" id="2112" type="5" encoding="1" />
  <Field name="ACCTS_PAYABLE" id="2113" type="5" encoding="1" />
  <Field name="ACCRUED_EXP_OTHER" id="2114" type="5" encoding="1" />
  <Field name="PAYABLE_INC_TAX" id="2115" type="5" encoding="1" />
  <Field name="ST_DEBT" id="2116" type="5" encoding="1" />
  <Field name="LTD_CURRENT" id="2117" type="5" encoding="1" />
  <Field name="CUR_LIABS_OTHER" id="2118" type="5" encoding="1" />
  <Field name="CUR_LIABS" id="2119" type="5" encoding="1" />
  <Field name="DEFERRED_TAX" id="2120" type="5" encoding="1" />
  <Field name="DFD_TAX_CREDIT" id="2121" type="5" encoding="1" />
  <Field name="DFD_TAX_DEBIT" id="2122" type="5" encoding="1" />
  <Field name="LT_DEBT" id="2123" type="5" encoding="1" />
  <Field name="LTD_XCAP_LEASE" id="2124" type="5" encoding="1" />
  <Field name="CAP_LEASE_OBLIG" id="2125" type="5" encoding="1" />
  <Field name="LIABS_OTHER" id="2126" type="5" encoding="1" />
  <Field name="LIABILITIES" id="2127" type="5" encoding="1" />
  <Field name="RESERVES_NON_EQ" id="2128" type="5" encoding="1" />
  <Field name="MIN_INT_ACCUM" id="2129" type="5" encoding="1" />
  <Field name="PFD_STK_NONREDEEM" id="2130" type="5" encoding="1" />
  <Field name="PFD_STK_REDEEM" id="2131" type="5" encoding="1" />
  <Field name="COM_EQUITY" id="2132" type="5" encoding="1" />
  <Field name="COM_STK_VALUE" id="2133" type="5" encoding="1" />
  <Field name="COM_EQ_SURPLUS" id="2134" type="5" encoding="1" />
  <Field name="COM_EQ_RETAINED" id="2135" type="5" encoding="1" />
  <Field name="COM_EQ_OTH_RSRV" id="2136" type="5" encoding="1" />
  <Field name="TREASURY_STK" id="2137" type="5" encoding="1" />
  <Field name="STKHLDRS_EQUITY" id="2138" type="5" encoding="1" />
  <Field name="LIABS_SHRHLDR_EQ" id="2139" type="5" encoding="1" />
  <Field name="GOODWILL" id="2140" type="5" encoding="1" />
  <Field name="DEBT_TOTAL" id="2141" type="5" encoding="1" />
  <Field name="CAPITAL_TOTAL" id="2142" type="5" encoding="1" />
  <Field name="WK_CAPITAL" id="2143" type="5" encoding="1" />
  <Field name="BENCHMARK_YIELD" id="2150" type="4" encoding="1" />
  <Field name="BENCHMARK_YIELD_BID" id="2151" type="4" encoding="1" />
  <Field name="BENCHMARK_YIELD_ASK" id="2152" type="4" encoding="1" />
  <Field name="BENCHMARK_SPREAD" id="2155" type="4" encoding="1" />
  <Field name="BENCHMARK_SPREAD_BID" id="2156" type="4" encoding="1" />
  <Field name="BENCHMARK_SPREAD_ASK" id="2157" type="4" encoding="1" />
  <Field name="BENCHMARK_ID" id="2160" type="2" encoding="1" />
  <Field name="TICK_SIZE" id="2170" type="4" encoding="1" />
  <Field name="TICK_GROUP" id="2171" type="2" encoding="1" />
  <Field name="TICK_PILOT_EFF_DATE" id="2172" type="8" encoding="1" />
  <Field name="SALES" id="2200" type="5" encoding="1" />
  <Field name="COGS" id="2201" type="5" encoding="1" />
  <Field name="DEP_AMORT_EXP" id="2202" type="5" encoding="1" />
  <Field name="DEP_EXP" id="2203" type="5" encoding="1" />
  <Field name="AMORT_INTANG" id="2204" type="5" encoding="1" />
  <Field name="AMORT_DFD_CHRG" id="2205" type="5" encoding="1" />
  <Field name="INC_GROSS" id="2206" type="5" encoding="1" />
  <Field name="SGA" id="2207" type="5" encoding="1" />
  <Field name="RESEARCH_EXP" id="2208" type="5" encoding="1" />
  <Field name="OPER_EXP_OTH" id="2209" type="5" encoding="1" />
  <Field name="TAXES_NON_INC" id="2210" type="5" encoding="1" />
  <Field name="INC_OP" id="2211" type="5" encoding="1" />
  <Field name="INT_EXP_NET" id="2212" type="5" encoding="1" />
  <Field name="EXP_INT_DEBT" id="2213" type="5" encoding="1" />
  <Field name="INT_CAP" id="2214" type="5" encoding="1" />
  <Field name="UT_NON_OPER_INC_OTH" id="2215" type="5" encoding="1" />
  <Field name="INC_NET_OTH" id="2216" type="5" encoding="1" />
  <Field name="INT_INC_NON_OPER" id="2217" type="5" encoding="1" />
  <Field name="RSRV_CHG" id="2218" type="5" encoding="1" />
  <Field name="PTX_EXTRA" id="2219" type="5" encoding="1" />
  <Field name="PTX_EXTRA_CREDIT" id="2220" type="5" encoding="1" />
  <Field name="PTX_EXTRA_CHARGE" id="2221" type="5" encoding="1" />
  <Field name="EQ_EARNS_PTX" id="2222" type="5" encoding="1" />
  <Field name="PRETAX_INC" id="2223" type="5" encoding="1" />
  <Field name="INC_TAXES" id="2224" type="5" encoding="1" />
  <Field name="INC_TAX_CURR_DOM" id="2225" type="5" encoding="1" />
  <Field name="INC_TAX_CURR_FOR" id="2226" type="5" encoding="1" />
  <Field name="INC_TAX_DFD_DOM" id="2227" type="5" encoding="1" />
  <Field name="INC_TAX_DFD_FOR" id="2228" type="5" encoding="1" />
  <Field name="MIN_INT" id="2229" type="5" encoding="1" />
  <Field name="EQ_EARNS" id="2230" type="5" encoding="1" />
  <Field name="NET_INC" id="2231" type="5" encoding="1" />
  <Field name="EXTRA_DISC" id="2232" type="5" encoding="1" />
  <Field name="EXTRA_AST_GAINS" id="2233" type="5" encoding="1" />
  <Field name="DISC_OPER" id="2234" type="5" encoding="1" />
  <Field name="NET_INC_BEF_PFD" id="2235" type="5" encoding="1" />
  <Field name="PFD_DIVS" id="2236" type="5" encoding="1" />
  <Field name="NET_INC_BASIC_EPS" id="2237" type="5" encoding="1" />
  <Field name="NET_INC_AVAIL" id="2238" type="5" encoding="1" />
  <Field name="EBIT" id="2239" type="5" encoding="1" />
  <Field name="EBIT_DEP_EXP" id="2240" type="5" encoding="1" />
  <Field name="TAX_RATE" id="2241" type="5" encoding="1" />
  <Field name="ADJ_NET_OTH" id="2242" type="5" encoding="1" />
  <Field name="INC_CONT_OPER" id="2243" type="5" encoding="1" />
  <Field name="NET_INC_DIL_EPS" id="2244" type="5" encoding="1" />
  <Field name="ASSETS_GAIN_DISP" id="2245" type="5" encoding="1" />
  <Field name="FOREIGN_EXCH_TRAN" id="2246" type="5" encoding="1" />
  <Field name="FOR_CURR_TRANS_GN" id="2247" type="5" encoding="1" />
  <Field name="ACCT_CHG_CUM_EFF" id="2248" type="5" encoding="1" />
  <Field name="NET_INC_CF" id="2300" type="5" encoding="1" />
  <Field name="DEP_EXP_CF" id="2301" type="5" encoding="1" />
  <Field name="DEP_DEPLETE_EXP" id="2302" type="5" encoding="1" />
  <Field name="AMORT_CF" id="2303" type="5" encoding="1" />
  <Field name="EXTRAORD_CF" id="2304" type="5" encoding="1" />
  <Field name="DEFERRED_TAX_CF" id="2305" type="5" encoding="1" />
  <Field name="FUNDS_OP_OTH_CF" id="2306" type="5" encoding="1" />
  <Field name="RECEIV_CHGS_CF" id="2307" type="5" encoding="1" />
  <Field name="INVENTORY_CHG_CF" id="2308" type="5" encoding="1" />
  <Field name="ACTS_PAY_CHGS_CF" id="2309" type="5" encoding="1" />
  <Field name="INC_TAX_CHGS_CF" id="2310" type="5" encoding="1" />
  <Field name="ACCRUALS_CHGS_CF" id="2311" type="5" encoding="1" />
  <Field name="CASHFL_OP_NET" id="2312" type="5" encoding="1" />
  <Field name="CAP_EXPEND_CF" id="2313" type="5" encoding="1" />
  <Field name="ACQUIS_INVEST_CF" id="2314" type="5" encoding="1" />
  <Field name="ASSETS_ACQUIS_CF" id="2315" type="5" encoding="1" />
  <Field name="INVEST_INCR_CF" id="2316" type="5" encoding="1" />
  <Field name="AST_INV_DISP_CF" id="2317" type="5" encoding="1" />
  <Field name="INVEST_DECR_CF" id="2318" type="5" encoding="1" />
  <Field name="FUNDS_INV_OTH_CF" id="2319" type="5" encoding="1" />
  <Field name="USES_OTHINV_CF" id="2320" type="5" encoding="1" />
  <Field name="CASH_FLOW_INV" id="2321" type="5" encoding="1" />
  <Field name="DIVS_PD_TOT_CF" id="2322" type="5" encoding="1" />
  <Field name="STD_CHG_CF" id="2323" type="5" encoding="1" />
  <Field name="LTD_CHG_CF" id="2324" type="5" encoding="1" />
  <Field name="LTD_ISSUE_CF" id="2325" type="5" encoding="1" />
  <Field name="LTD_REDUCE_CF" id="2326" type="5" encoding="1" />
  <Field name="STK_CHG_CF" id="2327" type="5" encoding="1" />
  <Field name="COM_PFD_PURCH_CF" id="2328" type="5" encoding="1" />
  <Field name="COM_PFD_SALE_CF" id="2329" type="5" encoding="1" />
  <Field name="STK_OPT_SALE_CF" id="2330" type="5" encoding="1" />
  <Field name="STK_OTH_SALE_CF" id="2331" type="5" encoding="1" />
  <Field name="FUNDS_FIN_OTH_CF" id="2332" type="5" encoding="1" />
  <Field name="USES_OTHFIN_CF" id="2333" type="5" encoding="1" />
  <Field name="CASHFL_FIN_NET" id="2334" type="5" encoding="1" />
  <Field name="EXCH_RATE_EFF_CF" id="2335" type="5" encoding="1" />
  <Field name="CASH_CHG_CF" id="2336" type="5" encoding="1" />
  <Field name="INT_PAID_CF" id="2337" type="5" encoding="1" />
  <Field name="TAXATION_CF" id="2338" type="5" encoding="1" />
  <Field name="SOURCES_TOTAL_CF" id="2339" type="5" encoding="1" />
  <Field name="USES_OTH_RPT_CF" id="2340" type="5" encoding="1" />
  <Field name="USES_TOTAL_CF" id="2341" type="5" encoding="1" />
  <Field name="DIVS_PS_LTM" id="2401" type="5" encoding="1" />
  <Field name="COM_SHS_CALC_EPS" id="2402" type="5" encoding="1" />
  <Field name="COM_SHS_BASIC_EPS" id="2403" type="5" encoding="1" />
  <Field name="COM_SHS_DIL_EPS" id="2404" type="5" encoding="1" />
  <Field name="COM_SHS_OUT" id="2405" type="5" encoding="1" />
  <Field name="BOOK_PS_TANG_CO" id="2406" type="5" encoding="1" />
  <Field name="CASHFL_PS" id="2407" type="5" encoding="1" />
  <Field name="TRADED" id="2512" type="3" encoding="1" />
  <Field name="SHARES" id="2570" type="3" encoding="1" />
  <Field name="COST" id="2571" type="4" encoding="1" />
  <Field name="TOT_COST" id="2572" type="4" encoding="1" />
  <Field name="AVG_30DAY_VOL" id="2573" type="5" encoding="1" />
  <Field name="AVG_5DAY_VOL" id="2574" type="5" encoding="1" />
  <Field name="DIV_ADJUSTMENT" id="2575" type="4" encoding="1" />
  <Field name="HIST_VOLATILITY" id="2576" type="5" encoding="1" />
  <Field name="HIGH_52WEEK" id="2580" type="4" encoding="1" />
  <Field name="LOW_52WEEK" id="2581" type="4" encoding="1" />
  <Field name="HIGH_52WEEK_DATE" id="2582" type="8" encoding="1" />
  <Field name="LOW_52WEEK_DATE" id="2583" type="8" encoding="1" />
  <Field name="CONTRACT_SIZE" id="2600" type="3" encoding="1" />
  <Field name="STRIKE_PRICE" id="2601" type="4" encoding="1" />
  <Field name="CONTRACT_HIGH" id="2602" type="4" encoding="1" />
  <Field name="CONTRACT_LOW" id="2603" type="4" encoding="1" />
  <Field name="MID_CLOSE" id="2604" type="4" encoding="1" />
  <Field name="MID_NET_CHANGE" id="2605" type="5" encoding="1" />
  <Field name="PUT_CALL" id="2606" type="1" encoding="1" />
  <Field name="SETTLEMENT_INDICATOR" id="2607" type="7" encoding="1" />
  <Field name="UNDERLYING_SECURITY" id="2608" type="2" encoding="1" />
  <Field name="CHAIN_TOTAL" id="2609" type="3" encoding="1" />
  <Field name="CHAIN_CURRENT" id="2610" type="3" encoding="1" />
  <Field name="ANALYTIC_PRICE_RULE" id="2613" type="3" encoding="1" />
  <Field name="EXPIRATION_DAYS_TO" id="2614" type="3" encoding="1" />
  <Field name="DELTA" id="2620" type="5" encoding="1" />
  <Field name="GAMMA" id="2621" type="5" encoding="1" />
  <Field name="VEGA" id="2622" type="5" encoding="1" />
  <Field name="THETA" id="2623" type="5" encoding="1" />
  <Field name="RHO" id="2624" type="5" encoding="1" />
  <Field name="IMPL_VOL" id="2630" type="5" encoding="1" />
  <Field name="IMPL_VOL_ASK" id="2631" type="5" encoding="1" />
  <Field name="IMPL_VOL_BID" id="2632" type="5" encoding="1" />
  <Field name="IMPL_VOL_CALC_RATE" id="2633" type="5" encoding="1" />
  <Field name="THEO_VALUE" id="2634" type="5" encoding="1" />
  <Field name="AS_OF_INDICATOR" id="2700" type="1" encoding="1" />
  <Field name="HIGH_YIELD" id="2701" type="5" encoding="1" />
  <Field name="LOW_YIELD" id="2702" type="5" encoding="1" />
  <Field name="CURRENT_YIELD" id="2703" type="5" encoding="1" />
  <Field name="COMMISSION" id="2704" type="2" encoding="1" />
  <Field name="CLOSE_YIELD" id="2705" type="5" encoding="1" />
  <Field name="SELLER_DAYS" id="2706" type="3" encoding="1" />
  <Field name="SPECIAL_PRICE_INDICATOR" id="2707" type="2" encoding="1" />
  <Field name="VOLUME_INDICATOR" id="2708" type="2" encoding="1" />
  <Field name="TRADE_CONDITION" id="2709" type="2" encoding="1" />
  <Field name="ISSUE_DATE" id="2710" type="3" encoding="1" />
  <Field name="COUPON_RATE" id="2711" type="5" encoding="1" />
  <Field name="REPORTING_SIDE" id="2712" type="2" encoding="1" />
  <Field name="EXCH_HIGH_VOL" id="2713" type="3" encoding="1" />
  <Field name="EXCH_LOW_VOL" id="2714" type="3" encoding="1" />
  <Field name="ASK_YIELD" id="2750" type="5" encoding="1" />
  <Field name="BID_YIELD" id="2751" type="5" encoding="1" />
  <Field name="CALLABLE_DATE" id="2752" type="8" encoding="1" />
  <Field name="SPREAD_10Y" id="2754" type="5" encoding="1" />
  <Field name="SPREAD_5Y" id="2755" type="5" encoding="1" />
  <Field name="LAST_YIELD" id="2756" type="4" encoding="1" />
  <Field name="ASSETS_PRICE" id="2800" type="4" encoding="1" />
  <Field name="DIV_PRICE" id="2801" type="4" encoding="1" />
  <Field name="FOOTNOTE" id="2802" type="2" encoding="1" />
  <Field name="LONG_CAP_GAIN" id="2803" type="4" encoding="1" />
  <Field name="SHORT_CAP_GAIN" id="2804" type="4" encoding="1" />
  <Field name="OTHER_CAP_GAIN" id="2805" type="4" encoding="1" />
  <Field name="TOTAL_CAP_GAIN" id="2806" type="4" encoding="1" />
  <Field name="RETURN_WTD" id="2807" type="5" encoding="1" />
  <Field name="RETURN_MTD" id="2808" type="5" encoding="1" />
  <Field name="RETURN_QTD" id="2809" type="5" encoding="1" />
  <Field name="RETURN_YTD" id="2810" type="5" encoding="1" />
  <Field name="RETURN_1DAY" id="2811" type="5" encoding="1" />
  <Field name="RETURN_1M" id="2812" type="5" encoding="1" />
  <Field name="RETURN_3M" id="2813" type="5" encoding="1" />
  <Field name="RETURN_12M" id="2814" type="5" encoding="1" />
  <Field name="PAYMENT_DATE" id="2815" type="8" encoding="1" />
  <Field name="RECORD_DATE" id="2816" type="8" encoding="1" />
  <Field name="UNALLOC_DISTR_PRICE" id="2817" type="4" encoding="1" />
  <Field name="REDEMPTION_NAV" id="2881" type="4" encoding="1" />
  <Field name="HEADLINE_COUNT" id="3000" type="3" encoding="1" />
  <Field name="TBL_NAME" id="3100" type="2" encoding="1" />
  <Field name="TBL_FIRST_ID" id="3101" type="3" encoding="1" />
  <Field name="TBL_LAST_ID" id="3102" type="3" encoding="1" />
  <Field name="TBL_TOTAL_ROWS" id="3103" type="3" encoding="1" />
  <Field name="TBL_TYPE" id="3104" type="7" encoding="1" />
  <Field name="TBL_UPDATE_METHOD" id="3105" type="7" encoding="1" />
  <Field name="TBL_HEADER" id="3106" type="2" encoding="1" />
  <Field name="TBL_ID" id="3110" type="3" encoding="1" />
  <Field name="TBL_LAST_ROW" id="3111" type="3" encoding="1" />
  <Field name="TBL_ROW_1" id="3121" type="2" encoding="1" />
  <Field name="TBL_ROW_2" id="3122" type="2" encoding="1" />
  <Field name="TBL_ROW_3" id="3123" type="2" encoding="1" />
  <Field name="TBL_ROW_4" id="3124" type="2" encoding="1" />
  <Field name="TBL_ROW_5" id="3125" type="2" encoding="1" />
  <Field name="TBL_ROW_6" id="3126" type="2" encoding="1" />
  <Field name="TBL_ROW_7" id="3127" type="2" encoding="1" />
  <Field name="TBL_ROW_8" id="3128" type="2" encoding="1" />
  <Field name="TBL_ROW_9" id="3129" type="2" encoding="1" />
  <Field name="TBL_ROW_10" id="3130" type="2" encoding="1" />
  <Field name="TBL_ROW_11" id="3131" type="2" encoding="1" />
  <Field name="TBL_ROW_12" id="3132" type="2" encoding="1" />
  <Field name="TBL_ROW_13" id="3133" type="2" encoding="1" />
  <Field name="TBL_ROW_14" id="3134" type="2" encoding="1" />
  <Field name="TBL_ROW_15" id="3135" type="2" encoding="1" />
  <Field name="TBL_ROW_16" id="3136" type="2" encoding="1" />
  <Field name="TBL_ROW_17" id="3137" type="2" encoding="1" />
  <Field name="TBL_ROW_18" id="3138" type="2" encoding="1" />
  <Field name="TBL_ROW_19" id="3139" type="2" encoding="1" />
  <Field name="TBL_ROW_20" id="3140" type="2" encoding="1" />
  <Field name="TBL_ROW_21" id="3141" type="2" encoding="1" />
  <Field name="TBL_ROW_22" id="3142" type="2" encoding="1" />
  <Field name="TBL_ROW_23" id="3143" type="2" encoding="1" />
  <Field name="TBL_ROW_24" id="3144" type="2" encoding="1" />
  <Field name="TBL_ROW_25" id="3145" type="2" encoding="1" />
  <Field name="TBL_ROW_26" id="3146" type="2" encoding="1" />
  <Field name="TBL_ROW_27" id="3147" type="2" encoding="1" />
  <Field name="TBL_ROW_28" id="3148" type="2" encoding="1" />
  <Field name="TBL_ROW_29" id="3149" type="2" encoding="1" />
  <Field name="TBL_ROW_30" id="3150" type="2" encoding="1" />
  <Field name="TBL_ROW_31" id="3151" type="2" encoding="1" />
  <Field name="TBL_ROW_32" id="3152" type="2" encoding="1" />
  <Field name="TBL_ROW_33" id="3153" type="2" encoding="1" />
  <Field name="TBL_ROW_34" id="3154" type="2" encoding="1" />
  <Field name="TBL_ROW_35" id="3155" type="2" encoding="1" />
  <Field name="TBL_ROW_36" id="3156" type="2" encoding="1" />
  <Field name="TBL_ROW_37" id="3157" type="2" encoding="1" />
  <Field name="TBL_ROW_38" id="3158" type="2" encoding="1" />
  <Field name="TBL_ROW_39" id="3159" type="2" encoding="1" />
  <Field name="TBL_ROW_40" id="3160" type="2" encoding="1" />
  <Field name="TBL_ROW_41" id="3161" type="2" encoding="1" />
  <Field name="TBL_ROW_42" id="3162" type="2" encoding="1" />
  <Field name="TBL_ROW_43" id="3163" type="2" encoding="1" />
  <Field name="TBL_ROW_44" id="3164" type="2" encoding="1" />
  <Field name="TBL_ROW_45" id="3165" type="2" encoding="1" />
  <Field name="TBL_ROW_46" id="3166" type="2" encoding="1" />
  <Field name="TBL_ROW_47" id="3167" type="2" encoding="1" />
  <Field name="TBL_ROW_48" id="3168" type="2" encoding="1" />
  <Field name="TBL_ROW_49" id="3169" type="2" encoding="1" />
  <Field name="TBL_ROW_50" id="3170" type="2" encoding="1" />
  <Field name="TBL_ROW_51" id="3171" type="2" encoding="1" />
  <Field name="TBL_ROW_52" id="3172" type="2" encoding="1" />
  <Field name="TBL_ROW_53" id="3173" type="2" encoding="1" />
  <Field name="TBL_ROW_54" id="3174" type="2" encoding="1" />
  <Field name="TBL_ROW_55" id="3175" type="2" encoding="1" />
  <Field name="TBL_ROW_56" id="3176" type="2" encoding="1" />
  <Field name="TBL_ROW_57" id="3177" type="2" encoding="1" />
  <Field name="TBL_ROW_58" id="3178" type="2" encoding="1" />
  <Field name="TBL_ROW_59" id="3179" type="2" encoding="1" />
  <Field name="TBL_ROW_60" id="3180" type="2" encoding="1" />
  <Field name="TBL_ROW_61" id="3181" type="2" encoding="1" />
  <Field name="TBL_ROW_62" id="3182" type="2" encoding="1" />
  <Field name="TBL_ROW_63" id="3183" type="2" encoding="1" />
  <Field name="TBL_ROW_64" id="3184" type="2" encoding="1" />
  <Field name="TBL_ROW_65" id="3185" type="2" encoding="1" />
  <Field name="TBL_ROW_66" id="3186" type="2" encoding="1" />
  <Field name="TBL_ROW_67" id="3187" type="2" encoding="1" />
  <Field name="TBL_ROW_68" id="3188" type="2" encoding="1" />
  <Field name="TBL_ROW_69" id="3189" type="2" encoding="1" />
  <Field name="TBL_ROW_70" id="3190" type="2" encoding="1" />
  <Field name="TBL_ROW_71" id="3191" type="2" encoding="1" />
  <Field name="TBL_ROW_72" id="3192" type="2" encoding="1" />
  <Field name="TBL_ROW_73" id="3193" type="2" encoding="1" />
  <Field name="TBL_ROW_74" id="3194" type="2" encoding="1" />
  <Field name="TBL_ROW_75" id="3195" type="2" encoding="1" />
  <Field name="TBL_ROW_76" id="3196" type="2" encoding="1" />
  <Field name="TBL_ROW_77" id="3197" type="2" encoding="1" />
  <Field name="TBL_ROW_78" id="3198" type="2" encoding="1" />
  <Field name="TBL_ROW_79" id="3199" type="2" encoding="1" />
  <Field name="TBL_ROW_80" id="3200" type="2" encoding="1" />
  <Field name="TBL_ROW_81" id="3201" type="2" encoding="1" />
  <Field name="TBL_ROW_82" id="3202" type="2" encoding="1" />
  <Field name="TBL_ROW_83" id="3203" type="2" encoding="1" />
  <Field name="TBL_ROW_84" id="3204" type="2" encoding="1" />
  <Field name="TBL_ROW_85" id="3205" type="2" encoding="1" />
  <Field name="TBL_ROW_86" id="3206" type="2" encoding="1" />
  <Field name="TBL_ROW_87" id="3207" type="2" encoding="1" />
  <Field name="TBL_ROW_88" id="3208" type="2" encoding="1" />
  <Field name="TBL_ROW_89" id="3209" type="2" encoding="1" />
  <Field name="TBL_ROW_90" id="3210" type="2" encoding="1" />
  <Field name="TBL_ROW_91" id="3211" type="2" encoding="1" />
  <Field name="TBL_ROW_92" id="3212" type="2" encoding="1" />
  <Field name="TBL_ROW_93" id="3213" type="2" encoding="1" />
  <Field name="TBL_ROW_94" id="3214" type="2" encoding="1" />
  <Field name="TBL_ROW_95" id="3215" type="2" encoding="1" />
  <Field name="TBL_ROW_96" id="3216" type="2" encoding="1" />
  <Field name="TBL_ROW_97" id="3217" type="2" encoding="1" />
  <Field name="TBL_ROW_98" id="3218" type="2" encoding="1" />
  <Field name="TBL_ROW_99" id="3219" type="2" encoding="1" />
  <Field name="TBL_ROW_100" id="3220" type="2" encoding="1" />
  <Field name="TBL_ROW_101" id="3221" type="2" encoding="1" />
  <Field name="TBL_ROW_102" id="3222" type="2" encoding="1" />
  <Field name="TBL_ROW_103" id="3223" type="2" encoding="1" />
  <Field name="TBL_ROW_104" id="3224" type="2" encoding="1" />
  <Field name="TBL_ROW_105" id="3225" type="2" encoding="1" />
  <Field name="TBL_ROW_106" id="3226" type="2" encoding="1" />
  <Field name="TBL_ROW_107" id="3227" type="2" encoding="1" />
  <Field name="TBL_ROW_108" id="3228" type="2" encoding="1" />
  <Field name="TBL_ROW_109" id="3229" type="2" encoding="1" />
  <Field name="TBL_ROW_110" id="3230" type="2" encoding="1" />
  <Field name="TBL_ROW_111" id="3231" type="2" encoding="1" />
  <Field name="TBL_ROW_112" id="3232" type="2" encoding="1" />
  <Field name="TBL_ROW_113" id="3233" type="2" encoding="1" />
  <Field name="TBL_ROW_114" id="3234" type="2" encoding="1" />
  <Field name="TBL_ROW_115" id="3235" type="2" encoding="1" />
  <Field name="TBL_ROW_116" id="3236" type="2" encoding="1" />
  <Field name="TBL_ROW_117" id="3237" type="2" encoding="1" />
  <Field name="TBL_ROW_118" id="3238" type="2" encoding="1" />
  <Field name="TBL_ROW_119" id="3239" type="2" encoding="1" />
  <Field name="TBL_ROW_120" id="3240" type="2" encoding="1" />
  <Field name="TBL_ROW_121" id="3241" type="2" encoding="1" />
  <Field name="TBL_ROW_122" id="3242" type="2" encoding="1" />
  <Field name="TBL_ROW_123" id="3243" type="2" encoding="1" />
  <Field name="TBL_ROW_124" id="3244" type="2" encoding="1" />
  <Field name="TBL_ROW_125" id="3245" type="2" encoding="1" />
  <Field name="TBL_ROW_126" id="3246" type="2" encoding="1" />
  <Field name="TBL_ROW_127" id="3247" type="2" encoding="1" />
  <Field name="TBL_ROW_128" id="3248" type="2" encoding="1" />
  <Field name="TBL_ROW_129" id="3249" type="2" encoding="1" />
  <Field name="TBL_ROW_130" id="3250" type="2" encoding="1" />
  <Field name="TBL_ROW_131" id="3251" type="2" encoding="1" />
  <Field name="TBL_ROW_132" id="3252" type="2" encoding="1" />
  <Field name="TBL_ROW_133" id="3253" type="2" encoding="1" />
  <Field name="TBL_ROW_134" id="3254" type="2" encoding="1" />
  <Field name="TBL_ROW_135" id="3255" type="2" encoding="1" />
  <Field name="TBL_ROW_136" id="3256" type="2" encoding="1" />
  <Field name="TBL_ROW_137" id="3257" type="2" encoding="1" />
  <Field name="TBL_ROW_138" id="3258" type="2" encoding="1" />
  <Field name="TBL_ROW_139" id="3259" type="2" encoding="1" />
  <Field name="TBL_ROW_140" id="3260" type="2" encoding="1" />
  <Field name="TBL_ROW_141" id="3261" type="2" encoding="1" />
  <Field name="TBL_ROW_142" id="3262" type="2" encoding="1" />
  <Field name="TBL_ROW_143" id="3263" type="2" encoding="1" />
  <Field name="TBL_ROW_144" id="3264" type="2" encoding="1" />
  <Field name="TBL_ROW_145" id="3265" type="2" encoding="1" />
  <Field name="TBL_ROW_146" id="3266" type="2" encoding="1" />
  <Field name="TBL_ROW_147" id="3267" type="2" encoding="1" />
  <Field name="TBL_ROW_148" id="3268" type="2" encoding="1" />
  <Field name="TBL_ROW_149" id="3269" type="2" encoding="1" />
  <Field name="TBL_ROW_150" id="3270" type="2" encoding="1" />
  <Field name="TBL_ROW_151" id="3271" type="2" encoding="1" />
  <Field name="TBL_ROW_152" id="3272" type="2" encoding="1" />
  <Field name="TBL_ROW_153" id="3273" type="2" encoding="1" />
  <Field name="TBL_ROW_154" id="3274" type="2" encoding="1" />
  <Field name="TBL_ROW_155" id="3275" type="2" encoding="1" />
  <Field name="TBL_ROW_156" id="3276" type="2" encoding="1" />
  <Field name="TBL_ROW_157" id="3277" type="2" encoding="1" />
  <Field name="TBL_ROW_158" id="3278" type="2" encoding="1" />
  <Field name="TBL_ROW_159" id="3279" type="2" encoding="1" />
  <Field name="TBL_ROW_160" id="3280" type="2" encoding="1" />
  <Field name="TBL_ROW_161" id="3281" type="2" encoding="1" />
  <Field name="TBL_ROW_162" id="3282" type="2" encoding="1" />
  <Field name="TBL_ROW_163" id="3283" type="2" encoding="1" />
  <Field name="TBL_ROW_164" id="3284" type="2" encoding="1" />
  <Field name="TBL_ROW_165" id="3285" type="2" encoding="1" />
  <Field name="TBL_ROW_166" id="3286" type="2" encoding="1" />
  <Field name="TBL_ROW_167" id="3287" type="2" encoding="1" />
  <Field name="TBL_ROW_168" id="3288" type="2" encoding="1" />
  <Field name="TBL_ROW_169" id="3289" type="2" encoding="1" />
  <Field name="TBL_ROW_170" id="3290" type="2" encoding="1" />
  <Field name="TBL_ROW_171" id="3291" type="2" encoding="1" />
  <Field name="TBL_ROW_172" id="3292" type="2" encoding="1" />
  <Field name="TBL_ROW_173" id="3293" type="2" encoding="1" />
  <Field name="TBL_ROW_174" id="3294" type="2" encoding="1" />
  <Field name="TBL_ROW_175" id="3295" type="2" encoding="1" />
  <Field name="TBL_ROW_176" id="3296" type="2" encoding="1" />
  <Field name="TBL_ROW_177" id="3297" type="2" encoding="1" />
  <Field name="TBL_ROW_178" id="3298" type="2" encoding="1" />
  <Field name="TBL_ROW_179" id="3299" type="2" encoding="1" />
  <Field name="TBL_ROW_180" id="3300" type="2" encoding="1" />
  <Field name="TBL_ROW_181" id="3301" type="2" encoding="1" />
  <Field name="TBL_ROW_182" id="3302" type="2" encoding="1" />
  <Field name="TBL_ROW_183" id="3303" type="2" encoding="1" />
  <Field name="TBL_ROW_184" id="3304" type="2" encoding="1" />
  <Field name="TBL_ROW_185" id="3305" type="2" encoding="1" />
  <Field name="TBL_ROW_186" id="3306" type="2" encoding="1" />
  <Field name="TBL_ROW_187" id="3307" type="2" encoding="1" />
  <Field name="TBL_ROW_188" id="3308" type="2" encoding="1" />
  <Field name="TBL_ROW_189" id="3309" type="2" encoding="1" />
  <Field name="TBL_ROW_190" id="3310" type="2" encoding="1" />
  <Field name="TBL_ROW_191" id="3311" type="2" encoding="1" />
  <Field name="TBL_ROW_192" id="3312" type="2" encoding="1" />
  <Field name="TBL_ROW_193" id="3313" type="2" encoding="1" />
  <Field name="TBL_ROW_194" id="3314" type="2" encoding="1" />
  <Field name="TBL_ROW_195" id="3315" type="2" encoding="1" />
  <Field name="TBL_ROW_196" id="3316" type="2" encoding="1" />
  <Field name="TBL_ROW_197" id="3317" type="2" encoding="1" />
  <Field name="TBL_ROW_198" id="3318" type="2" encoding="1" />
  <Field name="TBL_ROW_199" id="3319" type="2" encoding="1" />
  <Field name="TBL_ROW_200" id="3320" type="2" encoding="1" />
  <Field name="HEADLINE" id="7000" type="2" encoding="1" />
  <Field name="SOURCE" id="7001" type="2" encoding="1" />
  <Field name="SEARCH_IDS" id="7002" type="2" encoding="1" />
  <Field name="IDENTIFIERS" id="7003" type="2" encoding="1" />
  <Field name="STORY_DATE" id="7004" type="8" encoding="1" />
  <Field name="STORY_TIME" id="7005" type="9" encoding="1" />
  <Field name="COUNT" id="7006" type="3" encoding="1" />
  <Field name="CATEGORIES" id="7007" type="2" encoding="1" />
  <Field name="CONTRIBUTOR_NAME" id="7012" type="2" encoding="1" />
  <Field name="CONTRIBUTOR_ID" id="7013" type="2" encoding="1" />
  <Field name="AUTHOR_NAME" id="7014" type="2" encoding="1" />
  <Field name="AUTHOR_ID" id="7015" type="2" encoding="1" />
  <Field name="INDUSTRIES" id="7016" type="2" encoding="1" />
  <Field name="SA_CATEGORIES" id="7017" type="2" encoding="1" />
  <Field name="STORY_PRODUCT" id="7100" type="2" encoding="1" />
  <Field name="ACCESSION" id="7101" type="2" encoding="1" />
  <Field name="ENCRYPTED_DOC_FN" id="7102" type="2" encoding="1" />
  <Field name="STORY_ID" id="7103" type="2" encoding="1" />
  <Field name="ADD_DATE" id="7201" type="2" encoding="1" />
  <Field name="ADD_TIME" id="7202" type="2" encoding="1" />
  <Field name="AMENDMENT" id="7203" type="2" encoding="1" />
  <Field name="ANALYST_RANK" id="7204" type="2" encoding="1" />
  <Field name="AUTHOR_ENTITY_ID" id="7205" type="2" encoding="1" />
  <Field name="CATEGORY_ID" id="7208" type="2" encoding="1" />
  <Field name="CIK_LIST" id="7209" type="2" encoding="1" />
  <Field name="COVERAGE_ACTION" id="7210" type="2" encoding="1" />
  <Field name="DISCIPLINE" id="7211" type="2" encoding="1" />
  <Field name="DOC_TYPE" id="7212" type="2" encoding="1" />
  <Field name="DOCUMENT_TYPE" id="7213" type="2" encoding="1" />
  <Field name="ENCRYPTED_COMPOUND_FRT_SOURCE_LINK_DOC_FN" id="7214" type="2" encoding="1" />
  <Field name="ENCRYPTED_COMPOUND_SOURCE_LINK_DOC_FN" id="7215" type="2" encoding="1" />
  <Field name="ESTIMATE_ACTION" id="7217" type="2" encoding="1" />
  <Field name="EVENT_TYPE_ID" id="7218" type="2" encoding="1" />
  <Field name="EXHIBIT_CATEGORY" id="7219" type="2" encoding="1" />
  <Field name="EXHIBIT_TITLE" id="7220" type="2" encoding="1" />
  <Field name="FDS_COUNTRIES" id="7221" type="2" encoding="1" />
  <Field name="FDS_DOCUMENT_TYPES" id="7222" type="2" encoding="1" />
  <Field name="FDS_INDUSTRIES" id="7223" type="2" encoding="1" />
  <Field name="FDS_LANGUAGES" id="7224" type="2" encoding="1" />
  <Field name="FDS_REGIONS" id="7225" type="2" encoding="1" />
  <Field name="FDS_SUBJECTS" id="7226" type="2" encoding="1" />
  <Field name="FILING_SIZE" id="7227" type="2" encoding="1" />
  <Field name="FILING_TYPE" id="7228" type="2" encoding="1" />
  <Field name="FORM_TYPE" id="7229" type="2" encoding="1" />
  <Field name="IS_EXHIBIT" id="7233" type="2" encoding="1" />
  <Field name="IS_MAIN_FILING" id="7234" type="2" encoding="1" />
  <Field name="LONG_NAME" id="7235" type="2" encoding="1" />
  <Field name="ORGANIZATION_NAME" id="7236" type="2" encoding="1" />
  <Field name="PAGES" id="7237" type="2" encoding="1" />
  <Field name="PRIMARY_AUTHOR_ENTITY_ID" id="7238" type="2" encoding="1" />
  <Field name="PRIMARY_SYMBOLS" id="7239" type="2" encoding="1" />
  <Field name="RATING_ACTION" id="7241" type="2" encoding="1" />
  <Field name="REGION_NAMES" id="7242" type="2" encoding="1" />
  <Field name="REPORT_FOCUS" id="7243" type="2" encoding="1" />
  <Field name="RESEARCH_APPROACH" id="7244" type="2" encoding="1" />
  <Field name="SECONDARY_REPORT_CODE" id="7245" type="2" encoding="1" />
  <Field name="DOC_SEQUENCE" id="7246" type="2" encoding="1" />
  <Field name="SHORT_NAME" id="7247" type="2" encoding="1" />
  <Field name="SID_LIST" id="7248" type="2" encoding="1" />
  <Field name="SIZE" id="7249" type="2" encoding="1" />
  <Field name="STORY_DATETIME" id="7251" type="2" encoding="1" />
  <Field name="SUBJECTS" id="7253" type="2" encoding="1" />
  <Field name="SUBJECT_CATEGORY" id="7254" type="2" encoding="1" />
  <Field name="TARGET_PRICE_ACTION" id="7255" type="2" encoding="1" />
  <Field name="NEWS_DATA" id="7500" type="2" encoding="1" />
  <Field name="CACCESS" id="8997" type="2" encoding="1" />
  <Field name="AUTH_SERVICE" id="8998" type="2" encoding="1" />
  <Field name="USER_HOST" id="8999" type="2" encoding="1" />
  <Field name="SERVICE_NAME" id="9000" type="2" encoding="1" />
  <Field name="SERVICE_TYPE" id="9001" type="1" encoding="1" />
  <Field name="SERVICE_MAX_REQ" id="9002" type="3" encoding="1" />
  <Field name="REQ_TYPE" id="9003" type="7" encoding="1" />
  <Field name="AUTH_TOKEN" id="9004" type="2" encoding="1" />
  <Field name="USER_NAME" id="9005" type="2" encoding="1" />
  <Field name="USER_PASSWD" id="9006" type="2" encoding="1" />
  <Field name="USER_SERIAL" id="9007" type="2" encoding="1" />
  <Field name="GENERATOR" id="9008" type="2" encoding="1" />
  <Field name="SALT" id="9009" type="2" encoding="1" />
  <Field name="DEFAULT_SERVICE" id="9010" type="2" encoding="1" />
  <Field name="PARAM_1" id="9011" type="2" encoding="1" />
  <Field name="PARAM_9" id="9019" type="2" encoding="1" />
  <Field name="RET_VAL" id="9020" type="2" encoding="1" />
  <Field name="GEN_VAL_1" id="9021" type="2" encoding="1" />
  <Field name="MD_BINARY_SIZE" id="9050" type="3" encoding="1" />
  <Field name="MD_BINARY" id="9051" type="2" encoding="1" />
  <Field name="GEN_VAL_200" id="9220" type="2" encoding="1" />
  <Field name="USER_LOGIN_STATUS" id="9221" type="7" encoding="1" />
  <Field name="USER_PERMISSIONS" id="9222" type="2" encoding="1" />
  <Field name="TRANSACTION_TIME_1" id="9300" type="9" encoding="1" />
  <Field name="TRANSACTION_DATE_1" id="9301" type="8" encoding="1" />
  <Field name="EXCHANGE_SHORT" id="9302" type="2" encoding="1" />
  <Field name="EXCHANGE_LONG" id="9303" type="2" encoding="1" />
  <Field name="HIGH_ASK_1" id="9310" type="4" encoding="1" />
  <Field name="HIGH_BID_1" id="9311" type="4" encoding="1" />
  <Field name="HIGH_MID_1" id="9312" type="4" encoding="1" />
  <Field name="LOW_ASK_1" id="9320" type="4" encoding="1" />
  <Field name="LOW_BID_1" id="9321" type="4" encoding="1" />
  <Field name="LOW_MID_1" id="9322" type="4" encoding="1" />
  <Field name="OPEN_ASK_1" id="9330" type="4" encoding="1" />
  <Field name="OPEN_BID_1" id="9331" type="4" encoding="1" />
  <Field name="OPEN_MID_1" id="9332" type="4" encoding="1" />
  <Field name="FIELD_NAME" id="9333" type="2" encoding="1" />
  <Field name="FIELD_ID" id="9334" type="2" encoding="1" />
  <Field name="FIELD_TYPE" id="9335" type="2" encoding="1" />
  <Field name="FIELD_ENCODING" id="9336" type="2" encoding="1" />
  <Field name="BID_LOT_SIZE" id="9337" type="3" encoding="1" />
  <Field name="ASK_LOT_SIZE" id="9338" type="3" encoding="1" />
  <Field name="SUBSIDIZED_SEVEN_DAY_YIELD" id="10052" type="5" encoding="1" />
  <Field name="TUL_WHEN_ISSUED" id="13130" type="2" encoding="1" />
</Fields>

</FieldMap>
