﻿<?xml version="1.0" encoding="utf-8" standalone="yes"?>
<InfoWarnings>
  <Info>Begin full analysis with NDepend v2021.1.0</Info>
  <Info>Visual Studio solution file resolved to absolute file path: from    {.\SimpleFDF.sln}    to    {C:\Users\Hp\AppData\Local\FactSet\DataFeed\DotNetStandard\samples\SimpleFDF - Copy\SimpleFDF.sln}</Info>
  <Info>Output directory resolved to absolute directory path: C:\Users\Hp\AppData\Local\FactSet\DataFeed\DotNetStandard\samples\SimpleFDF - Copy\NDependOut</Info>
  <Warning>Input directory not found {C:\Program Files\dotnet\sdk\NuGetFallbackFolder}</Warning>
  <Info>Compare with analysis result obtained on 2021 September - 14 Tuesday 20:37  (which is the analysis result with date closest to 30 days ago)</Info>
  <Info>.NET Assembly resolved from the Visual Studio solution file {C:\Users\Hp\AppData\Local\FactSet\DataFeed\DotNetStandard\samples\SimpleFDF - Copy\SimpleFDF.sln}
   C:\Users\Hp\AppData\Local\FactSet\DataFeed\DotNetStandard\samples\SimpleFDF - Copy\bin\x64\debug\net5.0\SimpleFDF.dll</Info>
  <Info>No .NET Assembly filtered out from the Visual Studio solution file {C:\Users\Hp\AppData\Local\FactSet\DataFeed\DotNetStandard\samples\SimpleFDF - Copy\SimpleFDF.sln}.</Info>
  <Info>Concurrent mode</Info>
  <Info>.NET Assemblies loaded from {C:\Program Files\dotnet\shared\Microsoft.NETCore.App\5.0.0} 
   System.Console.dll   v5.0.0.0
   System.Runtime.dll   v5.0.0.0</Info>
  <Info>1 source file parsed ; all source files found ; all source files in-sync with PDB</Info>
  <Info>0 code rule has been extracted from code.</Info>
  <Info>No dependency cycle detected in assemblies referencement graph.</Info>
  <Info>Do merge code generated by compiler into application code.</Info>
  <Info>Analyse dependencies of your application.</Info>
  <Info>No SuppressMessageAttribute found in the analyzed code base. Since NDepend v2018.2 SuppressMessageAttribute can be used to suppress NDepend issues. Don't forget to set in your projects the compilation symbol CODE_ANALYSIS to use this attribute to suppress NDepend issues.</Info>
  <Info>Log trend metrics values.</Info>
  <Info>Execute queries and rules.</Info>
  <Error>1 quality gate fails:
  - 'Critical Rules Violated' value 1 rules greater than fail threshold 0 rules</Error>
  <Info>Building the report (standard).</Info>
</InfoWarnings>